Title,URL,Author,Upvotes,Replies,Link,ID,Day,Month,Time,Year
You have got to be kidding me üò≠,https://www.reddit.com/r/MonsterLegends/comments/ss5u63/you_have_got_to_be_kidding_me/,vikicha123,30,15,https://www.reddit.com/gallery/ss5u63,ss5u63,14,2,09:34:44,2022
'SLUMSTER & URIEL' WHO IS BETTER SUPPORT ?,https://www.reddit.com/r/MonsterLegends/comments/ssasqt/slumster_uriel_who_is_better_support/,Pecalele,29,11,https://v.redd.it/pr7lxujfxsh81,ssasqt,14,2,14:36:59,2022
It gonna be broken right?,https://www.reddit.com/r/MonsterLegends/comments/ssmna2/it_gonna_be_broken_right/,JTU105,17,17,https://i.redd.it/s3m4gefcfvh81.jpg,ssmna2,14,2,23:00:05,2022
I make a dream cry,https://www.reddit.com/r/MonsterLegends/comments/stlopl/i_make_a_dream_cry/,BiggusMcDingus,38,12,https://v.redd.it/7z3b6ewc64i81,stlopl,16,2,04:26:06,2022
"Been getting a few of these lately. I should be lucky, but I heard the current multiplayer monster is bad.",https://www.reddit.com/r/MonsterLegends/comments/stmpsi/been_getting_a_few_of_these_lately_i_should_be/,strongestdig7,14,1,https://i.redd.it/w33s32svf4i81.jpg,stmpsi,16,2,05:19:06,2022
is blumeria still a good monster barely getting back into the game so confused,https://www.reddit.com/r/MonsterLegends/comments/stmyu1/is_blumeria_still_a_good_monster_barely_getting/,Aggravating_Ad_9276,24,11,https://i.redd.it/icidesr9i4i81.jpg,stmyu1,16,2,05:32:41,2022
fat luck,https://www.reddit.com/r/MonsterLegends/comments/stpho7/fat_luck/,flodexhd,32,6,https://i.redd.it/l15hgeu485i81.jpg,stpho7,16,2,07:57:29,2022
"I did like 30 tries to get rofl, ig my luck went to pixelion",https://www.reddit.com/r/MonsterLegends/comments/stq0in/i_did_like_30_tries_to_get_rofl_ig_my_luck_went/,Butterdzzz,19,0,https://i.redd.it/e7howvswd5i81.jpg,stq0in,16,2,08:29:52,2022
Nice,https://www.reddit.com/r/MonsterLegends/comments/str4rs/nice/,Ok-Permit9836,13,1,https://i.redd.it/p4z3yh4wq5i81.jpg,str4rs,16,2,09:42:38,2022
What the hell just happened can someone explain?,https://www.reddit.com/r/MonsterLegends/comments/su0937/what_the_hell_just_happened_can_someone_explain/,Savings_Certain,26,5,https://v.redd.it/l0ztaraf38i81,su0937,16,2,17:37:02,2022
Agreed,https://www.reddit.com/r/MonsterLegends/comments/subilj/agreed/,Nibbacoochi,37,13,https://i.redd.it/ge4ow2wdkai81.jpg,subilj,17,2,01:55:02,2022
First tier 7 chest,https://www.reddit.com/r/MonsterLegends/comments/sumj8v/first_tier_7_chest/,AMonsterLegendPlayer,35,14,https://www.reddit.com/gallery/sumj8v,sumj8v,17,2,12:22:00,2022
Just started playing a couple of days ago. Is this okay?,https://www.reddit.com/r/MonsterLegends/comments/sutbpj/just_started_playing_a_couple_of_days_ago_is_this/,omg_uwu_owo,36,16,https://i.redd.it/l3tuuzqsafi81.jpg,sutbpj,17,2,17:50:12,2022
Wow what a normal turn order,https://www.reddit.com/r/MonsterLegends/comments/sux1ca/wow_what_a_normal_turn_order/,Low-Read-2352,27,3,https://i.redd.it/8o5sh3ik2gi81.png,sux1ca,17,2,20:26:56,2022
:DD. I GOT DARK VOLTAIK,https://www.reddit.com/r/MonsterLegends/comments/sv7hjk/dd_i_got_dark_voltaik/,Repulsive_Meaning717,30,13,https://i.redd.it/0cql2pypeii81.jpg,sv7hjk,18,2,04:17:39,2022
what is your favorite era,https://www.reddit.com/r/MonsterLegends/comments/svlzmx/what_is_your_favorite_era/,dogisgodbeb,23,27,https://www.reddit.com/r/MonsterLegends/comments/svlzmx/what_is_your_favorite_era/,svlzmx,18,2,17:26:36,2022
"Ah yes, T E T S U M A N",https://www.reddit.com/r/MonsterLegends/comments/svpv72/ah_yes_t_e_t_s_u_m_a_n/,Ok_Individual_8395,37,3,https://i.redd.it/fjtos6w35ni81.jpg,svpv72,18,2,20:12:39,2022
What the heck,https://www.reddit.com/r/MonsterLegends/comments/svq7iv/what_the_heck/,Surses_7,14,10,https://i.redd.it/c6jvu4fs7ni81.jpg,svq7iv,18,2,20:27:36,2022
Top 10 scariest things in monster legends 1:,https://www.reddit.com/r/MonsterLegends/comments/svrhhz/top_10_scariest_things_in_monster_legends_1/,Aznee_mens,21,9,https://v.redd.it/ojvyhfnohni81,svrhhz,18,2,21:23:13,2022
After 5 years of playing taking a break at 2020 I finally got the monster that got me addicted to this game although not the same it's still nice thank you tu tran,https://www.reddit.com/r/MonsterLegends/comments/sw694s/after_5_years_of_playing_taking_a_break_at_2020_i/,Glitchhacker59,41,7,https://i.redd.it/iw0kjf4seri81.jpg,sw694s,19,2,10:33:56,2022
How? I thought it was the owners only path?,https://www.reddit.com/r/MonsterLegends/comments/swg9os/how_i_thought_it_was_the_owners_only_path/,Mcfeyxtrillion,12,12,https://www.reddit.com/gallery/swg9os,swg9os,19,2,19:17:21,2022
Which maze monster should I get?,https://www.reddit.com/r/MonsterLegends/comments/swhedl/which_maze_monster_should_i_get/,Noahperkinswood,11,7,https://i.redd.it/sow56ocf9ui81.jpg,swhedl,19,2,20:09:13,2022
How is this fair,https://www.reddit.com/r/MonsterLegends/comments/swi28j/how_is_this_fair/,UltimateFattyRatty,14,20,https://i.redd.it/gufwj3rueui81.jpg,swi28j,19,2,20:39:42,2022
So I just finished Master Goldfield's Era saga... all I can say is:,https://www.reddit.com/r/MonsterLegends/comments/swsnni/so_i_just_finished_master_goldfields_era_saga_all/,Tyrelius_Dragmire,14,13,https://www.reddit.com/r/MonsterLegends/comments/swsnni/so_i_just_finished_master_goldfields_era_saga_all/,swsnni,20,2,05:25:09,2022
Just made a new team come join it‚Äôs a non toxic team but we will become great,https://www.reddit.com/r/MonsterLegends/comments/swuv12/just_made_a_new_team_come_join_its_a_non_toxic/,No_Pin8652,14,13,https://www.reddit.com/gallery/swuv12,swuv12,20,2,07:35:07,2022
"The monsters have gone home. Illuminated by the dim sunlight, the dungeon is silent, waiting for a battle that will never come.",https://www.reddit.com/r/MonsterLegends/comments/sx5wpn/the_monsters_have_gone_home_illuminated_by_the/,MNightmare503,54,3,https://i.redd.it/ehmav303r0j81.png,sx5wpn,20,2,18:07:27,2022
"Yes $P, I agree to these terms",https://www.reddit.com/r/MonsterLegends/comments/sxddvk/yes_p_i_agree_to_these_terms/,Dat_Bruh21,57,3,https://i.redd.it/fgoejbyze2j81.jpg,sxddvk,20,2,23:34:43,2022
Please tell me he‚Äôs actually good,https://www.reddit.com/r/MonsterLegends/comments/sxijth/please_tell_me_hes_actually_good/,6Bad-_-Karma9,17,47,https://i.redd.it/cg5tvqdjn3j81.jpg,sxijth,21,2,03:44:25,2022
Which one should I get,https://www.reddit.com/r/MonsterLegends/comments/sxlw72/which_one_should_i_get/,6Bad-_-Karma9,33,19,https://i.redd.it/ql3km1vnj4j81.jpg,sxlw72,21,2,06:44:25,2022
Do You think I have time to get it?,https://www.reddit.com/r/MonsterLegends/comments/sxy6ca/do_you_think_i_have_time_to_get_it/,bgrred20,15,10,https://i.redd.it/4zqu3sjku7j81.jpg,sxy6ca,21,2,17:51:01,2022
Am I the only one who thinks that his torso looks like a throne? (Leaked race monster for next era),https://www.reddit.com/r/MonsterLegends/comments/sxznr0/am_i_the_only_one_who_thinks_that_his_torso_looks/,Awesauce1,18,8,https://i.redd.it/szcinzc958j81.jpg,sxznr0,21,2,18:50:49,2022
Would you call my Lucky Clint ‚Äúgood?‚Äù,https://www.reddit.com/r/MonsterLegends/comments/sy96xp/would_you_call_my_lucky_clint_good/,pm_012,25,25,https://i.redd.it/m46jlcni3aj81.jpg,sy96xp,22,2,01:24:37,2022
My friend sent me this screen shot. Is this a glitch? Because I can find this anywhere,https://www.reddit.com/r/MonsterLegends/comments/sybli7/my_friend_sent_me_this_screen_shot_is_this_a/,MishtaMoose,17,19,https://i.redd.it/d8nblkhknaj81.jpg,sybli7,22,2,03:17:00,2022
1st tier 7 chest!,https://www.reddit.com/r/MonsterLegends/comments/sybzex/1st_tier_7_chest/,BusinessBeautiful425,33,24,https://v.redd.it/jyqwmzbqqaj81,sybzex,22,2,03:35:09,2022
Thoughts on the monster?,https://www.reddit.com/r/MonsterLegends/comments/syk4mb/thoughts_on_the_monster/,JTU105,25,13,https://i.redd.it/h60ngl6v0dj81.jpg,syk4mb,22,2,11:15:11,2022
Could you help me to build a strong team with these monsters (offensive and defensive) ?,https://www.reddit.com/r/MonsterLegends/comments/syois9/could_you_help_me_to_build_a_strong_team_with/,nivehaon,17,10,https://v.redd.it/hx1l2idj5ej81,syois9,22,2,15:10:36,2022
Mod Monster Review: Cherub Cupid,https://www.reddit.com/r/MonsterLegends/comments/sywa2d/mod_monster_review_cherub_cupid/,A-Fellow-Gamer-96,21,10,https://www.reddit.com/r/MonsterLegends/comments/sywa2d/mod_monster_review_cherub_cupid/,sywa2d,22,2,20:38:24,2022
New monster‚Äôs shown,https://www.reddit.com/r/MonsterLegends/comments/syy8za/new_monsters_shown/,ESCALERAooh,10,9,https://www.reddit.com/gallery/syy8za,syy8za,22,2,22:02:08,2022
When is there a discount on runes?,https://www.reddit.com/r/MonsterLegends/comments/sz6tcs/when_is_there_a_discount_on_runes/,DankMeme_Enthusiast,25,7,https://i.redd.it/urs6lccf3ij81.jpg,sz6tcs,23,2,04:18:22,2022
10 years later,https://www.reddit.com/r/MonsterLegends/comments/sz844r/10_years_later/,giornostiddies,20,3,https://i.redd.it/tlb2sjzleij81.jpg,sz844r,23,2,05:21:03,2022
"As a fan of Lord Nebotus, this hurt. Credit to Out of context Monster legends on twitter.",https://www.reddit.com/r/MonsterLegends/comments/sztncd/as_a_fan_of_lord_nebotus_this_hurt_credit_to_out/,Awesauce1,48,13,https://i.redd.it/ucp63uu9qnj81.jpg,sztncd,23,2,23:15:19,2022
"There is gonna be new survival dungeons for past eras that give lutum, stardust, etc and monster cells just like the ones ingame now.",https://www.reddit.com/r/MonsterLegends/comments/t0a8tc/there_is_gonna_be_new_survival_dungeons_for_past/,Awesauce1,38,12,https://www.reddit.com/gallery/t0a8tc,t0a8tc,24,2,13:48:02,2022
Anyone know what this means,https://www.reddit.com/r/MonsterLegends/comments/t0ugbp/anyone_know_what_this_means/,6Bad-_-Karma9,15,18,https://i.redd.it/9cd74swzlwj81.jpg,t0ugbp,25,2,05:07:23,2022
Who should I get in the bounty hunt. Already have some galvanize cells but danisaurus is an attacker and is newer.,https://www.reddit.com/r/MonsterLegends/comments/t11oof/who_should_i_get_in_the_bounty_hunt_already_have/,S1mps_Ah0y,13,17,https://i.redd.it/yonxwj09ryj81.jpg,t11oof,25,2,12:20:24,2022
Who do I get,https://www.reddit.com/r/MonsterLegends/comments/t120sp/who_do_i_get/,Impressive-Use9952,15,8,https://i.redd.it/jupie6qxuyj81.png,t120sp,25,2,12:41:08,2022
Finally got to Legendary IV completely f2p,https://www.reddit.com/r/MonsterLegends/comments/t19rk1/finally_got_to_legendary_iv_completely_f2p/,Gourd69,34,15,https://i.redd.it/4ybzuv9en0k81.jpg,t19rk1,25,2,18:42:23,2022
I have been Fighting this guy since 4pm rn it's 1 am and we are still in a multiplayer match. He heals I damage I heal he damages. Like how much more longer do i fight this guy? srsly,https://www.reddit.com/r/MonsterLegends/comments/t1bjvm/i_have_been_fighting_this_guy_since_4pm_rn_its_1/,Ok_Frosting6152,50,29,https://i.redd.it/ovmg8csk01k81.png,t1bjvm,25,2,19:58:13,2022
My first time opening a tier 7 chest!,https://www.reddit.com/r/MonsterLegends/comments/t2lbpb/my_first_time_opening_a_tier_7_chest/,K1ng_R0wan,44,11,https://v.redd.it/ht8snf54qck81,t2lbpb,27,2,11:19:22,2022
Any tips on how can I make this team more Op(I don't have any mythic Mt monster so I'm using santerion),https://www.reddit.com/r/MonsterLegends/comments/t2q8tz/any_tips_on_how_can_i_make_this_team_more_opi/,XGamerAizazX,19,5,https://v.redd.it/1kcqair06ek81,t2q8tz,27,2,16:12:20,2022
"Aren't you guys also sick of seeing these kinds of vidoes , they bug me off.",https://www.reddit.com/r/MonsterLegends/comments/t2y9p7/arent_you_guys_also_sick_of_seeing_these_kinds_of/,Automatic-Soup1389,51,8,https://i.redd.it/pig25wt01gk81.png,t2y9p7,27,2,22:25:57,2022
I'm on a quest to automatize everything I find tedious in this game :),https://www.reddit.com/r/MonsterLegends/comments/t3e0o3/im_on_a_quest_to_automatize_everything_i_find/,some-guy250,30,34,https://www.reddit.com/r/MonsterLegends/comments/t3e0o3/im_on_a_quest_to_automatize_everything_i_find/,t3e0o3,28,2,13:01:46,2022
Which one of these mfs should i buy?,https://www.reddit.com/r/MonsterLegends/comments/t3vc1i/which_one_of_these_mfs_should_i_buy/,NisamZiv,20,19,https://i.redd.it/x30jjyjcaok81.jpg,t3vc1i,1,3,02:11:59,2022
The Auto Monster Project,https://www.reddit.com/r/MonsterLegends/comments/t40t09/the_auto_monster_project/,some-guy250,16,17,https://www.reddit.com/r/MonsterLegends/comments/t40t09/the_auto_monster_project/,t40t09,1,3,06:52:58,2022
Got my first tier 7 chest,https://www.reddit.com/r/MonsterLegends/comments/t420wu/got_my_first_tier_7_chest/,Aznee_mens,17,4,https://i.redd.it/wxpahi7n1qk81.jpg,t420wu,1,3,08:06:46,2022
I don‚Äôt usually make fnaf memes but...,https://www.reddit.com/r/MonsterLegends/comments/t47qsk/i_dont_usually_make_fnaf_memes_but/,ZeGayBoi1,52,2,https://v.redd.it/26l5ozv1wrk81,t47qsk,1,3,14:19:04,2022
New elemental weakness system is already in the game,https://www.reddit.com/r/MonsterLegends/comments/t4w47l/new_elemental_weakness_system_is_already_in_the/,Ok_Individual_8395,24,7,https://i.redd.it/zkvzj9chrxk81.jpg,t4w47l,2,3,10:04:05,2022
Wait a minute..,https://www.reddit.com/r/MonsterLegends/comments/t4yyam/wait_a_minute/,Ok_Individual_8395,45,13,https://i.redd.it/0xqbs4gnqyk81.jpg,t4yyam,2,3,13:21:13,2022
New blossom talent‚Äôs there‚Äôs really no description to them but you can look at them in game,https://www.reddit.com/r/MonsterLegends/comments/t4ziyf/new_blossom_talents_theres_really_no_description/,ESCALERAooh,12,2,https://i.redd.it/dxl8sfrkwyk81.jpg,t4ziyf,2,3,13:54:29,2022
When would you pick the other option?,https://www.reddit.com/r/MonsterLegends/comments/t530hl/when_would_you_pick_the_other_option/,strongestdig7,25,10,https://i.redd.it/cp0o5ygorzk81.jpg,t530hl,2,3,16:48:44,2022
Jesus christ,https://www.reddit.com/r/MonsterLegends/comments/t59jvp/jesus_christ/,Calm-Shoe-7152,31,12,https://i.redd.it/bhyfwo3171l81.jpg,t59jvp,2,3,21:36:33,2022
I need this,https://www.reddit.com/r/MonsterLegends/comments/t5a9ve/i_need_this/,Ok_Individual_8395,20,2,https://i.redd.it/23mzzzuuc1l81.jpg,t5a9ve,2,3,22:09:13,2022
Missed opportunity for Doomsday era,https://www.reddit.com/r/MonsterLegends/comments/t5arn4/missed_opportunity_for_doomsday_era/,Ok_Individual_8395,71,9,https://i.redd.it/8k7vt2x7h1l81.jpg,t5arn4,2,3,22:33:40,2022
Any tips on beating him?,https://www.reddit.com/r/MonsterLegends/comments/t5bbdp/any_tips_on_beating_him/,DankMeme_Enthusiast,20,12,https://i.redd.it/xtlpgsqql1l81.jpg,t5bbdp,2,3,22:59:01,2022
Cherub or Elfeera be like:,https://www.reddit.com/r/MonsterLegends/comments/t5bmoz/cherub_or_elfeera_be_like/,Ok_Individual_8395,42,8,https://i.redd.it/zfseqcz7o1l81.jpg,t5bmoz,2,3,23:12:55,2022
This dudes good right?,https://www.reddit.com/r/MonsterLegends/comments/t5jaeh/this_dudes_good_right/,6Bad-_-Karma9,18,9,https://i.redd.it/v80yyoztk3l81.jpg,t5jaeh,3,3,05:37:28,2022
Who should I get more cells for all rank 0 but but Beambot.Beambot is rank 4,https://www.reddit.com/r/MonsterLegends/comments/t5w1gq/who_should_i_get_more_cells_for_all_rank_0_but/,Polo5756,16,4,https://i.redd.it/5t0sc59n87l81.jpg,t5w1gq,3,3,17:56:21,2022
What runes / move set,https://www.reddit.com/r/MonsterLegends/comments/t62anv/what_runes_move_set/,Impressive-Use9952,17,8,https://i.redd.it/ird8hrk5m8l81.png,t62anv,3,3,22:33:52,2022
damn i liked the old art :(,https://www.reddit.com/r/MonsterLegends/comments/t67391/damn_i_liked_the_old_art/,m48_apocalypse,53,15,https://i.redd.it/ru2sbtuar9l81.jpg,t67391,4,3,02:24:25,2022
Are they trying to make this game look terrible,https://www.reddit.com/r/MonsterLegends/comments/t6jg53/are_they_trying_to_make_this_game_look_terrible/,Superpug22,95,30,https://v.redd.it/uq6au9qpgdl81,t6jg53,4,3,14:53:52,2022
Thoughts on the new trait icons?,https://www.reddit.com/r/MonsterLegends/comments/t6l2nk/thoughts_on_the_new_trait_icons/,Nibbacoochi,49,39,https://i.redd.it/iv3fsxgvudl81.jpg,t6l2nk,4,3,16:11:34,2022
Got it first try,https://www.reddit.com/r/MonsterLegends/comments/t6lzzx/got_it_first_try/,Aznee_mens,17,9,https://i.redd.it/o7g8ncgb2el81.jpg,t6lzzx,4,3,16:53:18,2022
Who to replace next?,https://www.reddit.com/r/MonsterLegends/comments/t6oam5/who_to_replace_next/,omg_uwu_owo,11,9,https://i.redd.it/iicz7jwfkel81.jpg,t6oam5,4,3,18:34:53,2022
Nice bug (i did the vanoss one and it wont let me do the new one),https://www.reddit.com/r/MonsterLegends/comments/t73fky/nice_bug_i_did_the_vanoss_one_and_it_wont_let_me/,max-123-321,19,5,https://i.redd.it/mth5oq9afil81.jpg,t73fky,5,3,07:33:07,2022
Nereids De Danann ( new mythic monster) has a dumb name,https://www.reddit.com/r/MonsterLegends/comments/t75hy2/nereids_de_danann_new_mythic_monster_has_a_dumb/,Krazblox,15,4,https://i.redd.it/xwbq2qzg5jl81.png,t75hy2,5,3,09:59:53,2022
Got bionic first try,https://www.reddit.com/r/MonsterLegends/comments/t778ye/got_bionic_first_try/,The_meme_slaughter,27,19,https://i.redd.it/6dn200k2sjl81.jpg,t778ye,5,3,12:06:33,2022
First time beat the rusd,https://www.reddit.com/r/MonsterLegends/comments/t7rgqf/first_time_beat_the_rusd/,DankMeme_Enthusiast,22,6,https://i.redd.it/e6ntt53g3pl81.jpg,t7rgqf,6,3,05:59:13,2022
So in just four breedings I was able to get TWO Beast Ecos (the fact I can‚Äôt have two is unfortunate‚Ä¶),https://www.reddit.com/r/MonsterLegends/comments/t7yudr/so_in_just_four_breedings_i_was_able_to_get_two/,Kirbykoopa,28,7,https://i.redd.it/o20y5c9xmrl81.png,t7yudr,6,3,14:34:16,2022
Why does socialpoint release a new monster every week or so?,https://www.reddit.com/r/MonsterLegends/comments/t81hvg/why_does_socialpoint_release_a_new_monster_every/,EconomistOwn6473,17,20,https://www.reddit.com/r/MonsterLegends/comments/t81hvg/why_does_socialpoint_release_a_new_monster_every/,t81hvg,6,3,16:48:59,2022
Good pull?,https://www.reddit.com/r/MonsterLegends/comments/t8a65s/good_pull/,6Bad-_-Karma9,35,30,https://i.redd.it/7u89591baul81.jpg,t8a65s,6,3,23:26:34,2022
Got corrupted era chest from the blossom era video chest,https://www.reddit.com/r/MonsterLegends/comments/t8la8b/got_corrupted_era_chest_from_the_blossom_era/,Ok-Permit9836,26,15,https://www.reddit.com/gallery/t8la8b,t8la8b,7,3,10:15:28,2022
: ),https://www.reddit.com/r/MonsterLegends/comments/t8sa8v/_/,Superpug22,42,21,https://v.redd.it/947dd1o6hzl81,t8sa8v,7,3,16:54:33,2022
Is Rudechaw any good ?,https://www.reddit.com/r/MonsterLegends/comments/t8v8fr/is_rudechaw_any_good/,Novel_Rabbit_1110,18,7,https://www.reddit.com/gallery/t8v8fr,t8v8fr,7,3,19:02:50,2022
This‚Ä¶is acceptable,https://www.reddit.com/r/MonsterLegends/comments/t9446i/thisis_acceptable/,S1mps_Ah0y,29,1,https://i.redd.it/8ra8y1zy22m81.jpg,t9446i,8,3,01:39:42,2022
The wait was worth it!,https://www.reddit.com/r/MonsterLegends/comments/t95knk/the_wait_was_worth_it/,Jeremy_Melton,23,18,https://www.reddit.com/gallery/t95knk,t95knk,8,3,02:53:52,2022
I got 2 of the special chests and only got legendaries :(,https://www.reddit.com/r/MonsterLegends/comments/t9663f/i_got_2_of_the_special_chests_and_only_got/,papertheskeleton,15,4,https://i.redd.it/txok606ll2m81.png,t9663f,8,3,03:24:04,2022
Worth it?,https://www.reddit.com/r/MonsterLegends/comments/t974i1/worth_it/,6Bad-_-Karma9,22,21,https://i.redd.it/ffnt62nau2m81.jpg,t974i1,8,3,04:12:51,2022
Should I buy any of creators? I only have mr beast,https://www.reddit.com/r/MonsterLegends/comments/t9l8xw/should_i_buy_any_of_creators_i_only_have_mr_beast/,6Bad-_-Karma9,15,5,https://i.redd.it/dsnu8my2x6m81.jpg,t9l8xw,8,3,17:55:38,2022
How can I get more gems to buy this,https://www.reddit.com/r/MonsterLegends/comments/t9rl69/how_can_i_get_more_gems_to_buy_this/,thomyiii,29,21,https://i.redd.it/9glx1jcob8m81.jpg,t9rl69,8,3,22:39:11,2022
This is my personal favorite monster. What is yours?,https://www.reddit.com/r/MonsterLegends/comments/t9rm5n/this_is_my_personal_favorite_monster_what_is_yours/,thomyiii,28,49,https://i.redd.it/ori1gvdwb8m81.jpg,t9rm5n,8,3,22:40:26,2022
Are any of these monsters good (not shaded in),https://www.reddit.com/r/MonsterLegends/comments/ta7bdi/are_any_of_these_monsters_good_not_shaded_in/,6Bad-_-Karma9,23,16,https://i.redd.it/kpirpsngwcm81.jpg,ta7bdi,9,3,14:02:49,2022
I got 3 mythical monsters breeding right now and don‚Äôt even have enough gold to build a mythic habitat üòÇ,https://www.reddit.com/r/MonsterLegends/comments/ta7tan/i_got_3_mythical_monsters_breeding_right_now_and/,Regular_Order3133,38,18,https://i.redd.it/f3oi8gb91dm81.jpg,ta7tan,9,3,14:30:13,2022
WHY CANT I BREED MR BEAST,https://www.reddit.com/r/MonsterLegends/comments/tajf9a/why_cant_i_breed_mr_beast/,BiggusMcDingus,39,30,https://v.redd.it/mcaoaqaipfm81,tajf9a,9,3,23:29:41,2022
I have the most powerful pandaken!!!,https://www.reddit.com/r/MonsterLegends/comments/tanj26/i_have_the_most_powerful_pandaken/,DankMeme_Enthusiast,14,2,https://i.redd.it/glm9fhyjpgm81.jpg,tanj26,10,3,02:51:14,2022
"Wth, am i very unlucky or this happened on purpose?",https://www.reddit.com/r/MonsterLegends/comments/taw3bg/wth_am_i_very_unlucky_or_this_happened_on_purpose/,demigod2021__,18,22,https://www.reddit.com/r/MonsterLegends/comments/taw3bg/wth_am_i_very_unlucky_or_this_happened_on_purpose/,taw3bg,10,3,11:49:59,2022
What runes for this guy and is he better than dark volt monk flameborg and glavinus because that's my mp team,https://www.reddit.com/r/MonsterLegends/comments/tb1qc0/what_runes_for_this_guy_and_is_he_better_than/,Impressive-Use9952,24,13,https://i.redd.it/tr5coxnwvkm81.png,tb1qc0,10,3,16:54:12,2022
le smash or pass,https://www.reddit.com/r/MonsterLegends/comments/tbeaxw/le_smash_or_pass/,masked267,111,9,https://v.redd.it/i3na8we4onm81,tbeaxw,11,3,02:15:43,2022
Ya'll know Mr Beast Eco's era saga? yeah so i kinda broke Rador in one of the levels.,https://www.reddit.com/r/MonsterLegends/comments/tbpkt6/yall_know_mr_beast_ecos_era_saga_yeah_so_i_kinda/,L3Vi_Renegade,24,2,https://v.redd.it/iqa3saze5rm81,tbpkt6,11,3,13:58:03,2022
Wtf dude,https://www.reddit.com/r/MonsterLegends/comments/tc3v0e/wtf_dude/,trevsensei,23,6,https://i.redd.it/hjvijkp0hum81.jpg,tc3v0e,12,3,01:08:24,2022
How???!!!!!!!,https://www.reddit.com/r/MonsterLegends/comments/tc8eov/how/,mercurialvictor,26,20,https://i.redd.it/1itxl7nlrvm81.jpg,tc8eov,12,3,05:29:31,2022
This went on for 12 mins this was so funny to watch,https://www.reddit.com/r/MonsterLegends/comments/tch5yb/this_went_on_for_12_mins_this_was_so_funny_to/,NotShawndalionYT,48,2,https://v.redd.it/qr4oyzw7nym81,tch5yb,12,3,15:10:22,2022
